{"cameraMode":{"drawMode":0,"name":"Shaded","section":"Shading Mode"},"sceneLighting":true,"audioPlay":false,"sceneViewState":{"m_AlwaysRefresh":false,"showFog":true,"showSkybox":true,"showFlares":true,"showImageEffects":true,"showParticleSystems":true,"showVisualEffectGraphs":true,"m_FxEnabled":true},"in2DMode":false,"pivot":{"x":993.9463500976563,"y":469.3962707519531,"z":-465.6264953613281},"rotation":{"x":-0.005687514320015907,"y":-0.032998424023389819,"z":-0.00018686082330532372,"w":0.9994432330131531},"size":783.53857421875,"orthographic":false}